{
  "load_ms": 518.2127952575684,
  "eval_s": 0.5956861972808838,
  "total_s": 1.1138989925384521,
  "quality": 0.7469555555555556
}